"numero_zona","sigla_uf","endereco","cep","bairro","nome_municipio","sigla_uf"
"001","18-0001","AV MARECHAL CASTELO BRANCO, 1377 - SUL","64014058","ILHOTAS","TERESINA","PI"
"002","18-0002","AVENIDA MARECHAL CASTELO BRANCO, N 1377","64014058","ILHOTAS","TERESINA","PI"
"003","18-0003","AV. NOSSA SENHORA DE FÁTIMA, 363","64218440","FÁTIMA","PARNAÍBA","PI"
"004","18-0004","AV. NOSSA SENHORA DE FÁTIMA, 363","64202220","NOSSA SENHORA DE FATIMA","PARNAÍBA","PI"
"005","18-0005","AV ANTONIO DE ALENCAR FREITAS, 856","64500000","OEIRAS NOVA","OEIRAS","PI"
"006","18-0006","RUA GAL. TAUMATURGO AZEVEDO, 665","64100000","CENTRO","BARRAS","PI"
"007","18-0007","RUA BENJAMIN CONSTANT, 948","64280000","CENTRO","CAMPO MAIOR","PI"
"008","18-0008","RUA CEL. JOÃO RIBEIRO GONÇALVES FILHO, N. 832","64400000","VILA NOVA","AMARANTE","PI"
"009","18-0009","RUA FRANCISCO CASTRO, 940, MANGUINHA","64800185","MANGUINHA","FLORIANO","PI"
"010","18-0010","RUA PORFÍRIO BISPO DE SOUSA, S/N","64607470","DNER","PICOS","PI"
"011","18-0011","RUA PROFESSOR BEM, 1167 CENTRO","64260000","CENTRO","PIRIPIRI","PI"
"012","18-0012","RUA JOAO BENICIO DA SILVA, 465","64255000","CENTRO","PEDRO II","PI"
"013","18-0013","PRAÇA GASPARINO FERREIRA, SN.","64770000","ALDEIA","SÃO RAIMUNDO NONATO","PI"
"014","18-0014","RUA ZECA LOLÓ,160, MALVINAS","64860000","CENTRO","URUÇUÍ","PI"
"015","18-0015","RUA HELVERCIO PINHEIRO, S/N, BAIRRO SÃO PEDRO","64900000","SÃO PEDRO","BOM JESUS","PI"
"016","18-0016","RUA ANFRÍSIO LOBÃO, 672","64120000","CENTRO","UNIÃO","PI"
"017","18-0017","AV. MARCOS FURTADO, S/N, BOX 06","64130000","COHEB","MIGUEL ALVES","PI"
"018","18-0018","AVENIDA JOAQUIM MANOEL, 251","64300000","CENTRO","VALENÇA DO PIAUÍ","PI"
"019","18-0019","AV. ENGENHEIRO RIBEIRO GONÇALVES, 167","64575000","SERRANOPOLIS","JAICÓS","PI"
"020","18-0020","TRAVESSA DOUTOR JOSÉ ABEL, 70 - SÃO SEBASTIÃO","64760000","CENTRO","SÃO JOÃO DO PIAUÍ","PI"
"021","18-0021","RUA WALTER SPINDOLA, 643, CENTRO","64240000","CENTRO","PIRACURUCA","PI"
"022","18-0022","AV. NOSSA SENHORA DA CONCEIÇÃO, S/N","64980000","NOVA CORRENTE","CORRENTE","PI"
"024","18-0024","PRAÇA GOVERNADOR PEDRO FREITAS, 99.","64110000","CENTRO","JOSÉ DE FREITAS","PI"
"025","18-0025","RUA DIAS D' ÁVILA, N 10, CENTRO","64830000","CENTRO","JERUMENHA","PI"
"026","18-0026","RUA GUADALAJARA, S/N","64970000","CENTRO","PARNAGUÁ","PI"
"027","18-0027","AVENIDA PREFEITO RAIMUNDO MARQUES, N 192","64160000","SAO DOMINGOS","LUZILÂNDIA","PI"
"028","18-0028","RUA PORFÍRIO BISPO DE SOUSA, S/N","64607470","DNER","PICOS","PI"
"029","18-0029","RUA FRANCISCO DAS CHAGAS FORTALEZA, 96","64660000","CENTRO","PIO IX","PI"
"030","18-0030","RUA BENJAMIN CONSTANT, 730 - CENTRO","64430000","CENTRO","SÃO PEDRO DO PIAUÍ","PI"
"032","18-0032","RUA SÃO JOSÉ, 283","64290000","CENTRO","ALTOS","PI"
"033","18-0033","AVENIDA JOSIAS LEODIDO, S/N","64230000","CENTRO","BURITI DOS LOPES","PI"
"034","18-0034","AV. ANTONINO FREIRE, S/N","64340000","CENTRO","CASTELO DO PIAUÍ","PI"
"035","18-0035","RUA ANÍSIO DE ABREU, S/N - CENTRO","64930000","CENTRO","GILBUÉS","PI"
"036","18-0036","RUA DES. JOSÉ MESSIAS, 396","64890000","BAIRRO NOSSA SENHORA DE FÁTIMA","CANTO DO BURITI","PI"
"037","18-0037","RUA NIVARDO RODRIGUES DA SILVA, 704","64700000","CENTRO","SIMPLÍCIO MENDES","PI"
"038","18-0038","AVENIDA WALL FERRAZ S/N","64750000","COHAB","PAULISTANA","PI"
"039","18-0039","RUA LEÔNIDAS MELO S/N","64330000","CENTRO","SÃO MIGUEL DO TAPUIO","PI"
"040","18-0040","RUA NOVE DE JUNHO, 608","64690000","CENTRO","FRONTEIRAS","PI"
"041","18-0041","RUA CEL. PATRIOTINO LAGES N. 512","64180000","CENTRO","ESPERANTINA","PI"
"043","18-0043","AV ALBERTO LEAL NUNES, 1375","64490000","CENTRO","REGENERAÇÃO","PI"
"044","18-0044","RUA JOÃO DA CRUZ, S/N","64865000","BELA VISTA","RIBEIRO GONÇALVES","PI"
"045","18-0045","RUA SAO JOSE, 59","64190000","CENTRO","BATALHA","PI"
"046","18-0046","AVENIDA MANOEL RIBEIRO DA FONSECA N 260.","64840000","CENTRO","GUADALUPE","PI"
"047","18-0047","RUA SÃO JOSÉ, 283, CENTRO, ALTOS-PI","64290000","CENTRO","ALTOS","PI"
"048","18-0048","RUA SETE DE SETEMBRO, 305","64325000","MATIAS","ELESBÃO VELOSO","PI"
"049","18-0049","AV. PRESIDENTE VARGAS, 445","64145000","- BAIRRO CENTRO","PORTO","PI"
"052","18-0052","RUA ADALBERTO SANTANTA S/N","64460000","CENTRO","ÁGUA BRANCA","PI"
"053","18-0053","RUA OLAVO BILAC, 235","64235000","CENTRO","COCAL","PI"
"054","18-0054","RUA MATO GROSSO, 395","64390000","CIDADE NOVA","DEMERVAL LOBÃO","PI"
"056","18-0056","RUA ALFREDO ALVES, 118","64585000","CENTRO","SIMÕES","PI"
"057","18-0057","RUA RAIMUNDO GONÇALVES DOS SANTOS S/N","64565000","CENTRO","ITAINÓPOLIS","PI"
"058","18-0058","RUA MANOEL FAUSTINO 243","64450000","CENTRO","MONSENHOR GIL","PI"
"059","18-0059","RUA JOÃO DE OURO S/N FÓRUM DE CRISTINO CASTRO","64920000","MUTIRãO","CRISTINO CASTRO","PI"
"061","18-0061","RUA FRANCISCO CASTRO, 940","64800185","MANGUINHA","FLORIANO","PI"
"062","18-0062","RUA PORFIRIO BISPO DE SOUSA, S/N - BAIRRO DNER","64607470","DNER","PICOS","PI"
"063","18-0063","AVENIDA MARECHAL CASTELO BRANCO, N. 1150","64000080","ILHOTAS","TERESINA","PI"
"064","18-0064","PRACA VEREADOR JOAO DE SOUSA LEAL, 545","64535000","CENTRO","INHUMA","PI"
"067","18-0067","RUA AZARIAS BELCHIOR, 857","64875000","CENTRO","MANOEL EMÍDIO","PI"
"068","18-0068","RUA JOAQUIM RODRIGUES DE MACEDO, 61","64680000","CENTRO","PADRE MARCOS","PI"
"069","18-0069","TRAVESSA DR JOSÉ ABEL, N70","64760000","CENTRO","SÃO JOÃO DO PIAUÍ","PI"
"071","18-0071","RUA PRESIDENTE GETÚLIO VARGAS, SN","64270000","SAO JOSE I","CAPITÃO DE CAMPOS","PI"
"072","18-0072","RUA 29 DE OUTUBRO 510","64820000","CENTRO","ITAUEIRA","PI"
"074","18-0074","AV. CEL. BENEDITO ALVES DA LUZ, S/N","64455000","CENTRO","BARRO DURO","PI"
"079","18-0079","RUA LUIZ RIBEIRO, N 315","64795000","CENTRO","CARACOL","PI"
"080","18-0080","RUA TENENTE ANISIO 558","64150000","CENTRO","MATIAS OLÍMPIO","PI"
"088","18-0088","AV. SÉRGIO GAMA, 153","64965000","CENTRO","AVELINO LOPES","PI"
"089","18-0089","AVENIDA JOAQUIM MANOEL, 251","64300000","CENTRO","VALENÇA DO PIAUÍ","PI"
"090","18-0090","RUA NIVARDO RODRIGUES DA SILVA, 704","64700000","CENTRO","SIMPLÍCIO MENDES","PI"
"091","18-0091","RUA JONAS CORREIA, 206 - CENTRO","64220000","CENTRO","LUIS CORREIA","PI"
"094","18-0094","AV. ANTONIO DE ALENCAR FREITAS - 856","64500000","CENTRO","OEIRAS","PI"
"095","18-0095","PÇA. GASPARINO FERREIRA, S/N","64770000","ALDEIA","SÃO RAIMUNDO NONATO","PI"
"096","18-0096","RUA ALDENOR MONTEIRO N 100","64280000","parque zurique","CAMPO MAIOR","PI"
"097","18-0097","AV.MARECHAL CASTELO BRANCO,1150","64014058","ILHOTAS","TERESINA","PI"
"098","18-0098","AVENIDA MARECHAL CASTELO BRANCO, NR 1150","64014052","ILHOTAS","TERESINA","PI"
